UserId,Age,Address,Gender,UserType
2105346,24,FL,F,Value
2085921,28,HI,M,Inspiration
1976718,22,DC,F,Value
768536,18,AL,F,Fast
1895118,24,FL,F,Value
1587808,36,ME,M,Value
1853101,22,DC,F,Value
2158359,20,CA,F,Fast
1950893,24,FL,F,Value
